12/01/2018 04:13,,,,,,,,,,
Código,Descrição,Início de Vigência,Fim de Vigência,Início de Vigência (Trib. Simp.) ,Fim de Vigência (Trib. Simp.) ,Início de Vigência (Trib.Bagagem) ,Fim de Vigência (Trib.Bagagem) ,Alíquota (Trib. Simp.),Alíquota (Trib. Bagagem),Indicador de Proibição de DSI
0110,"BOVINOS, BUBALINOS, CAPRINOS E OVINOS",07/10/1999,-,24/06/1999,31/12/9999,06/10/1998,31/12/9999,"60,00","50,00",
0120,"EQUINOS, ASININOS E MUARES",07/10/1999,-,24/06/1999,31/12/9999,06/10/1998,31/12/9999,"60,00","50,00",
0130,SUINOS,07/10/1999,-,24/06/1999,31/12/9999,06/10/1998,31/12/9999,"60,00","50,00",
0140,CANINOS E FELINOS,07/10/1999,-,24/06/1999,31/12/9999,06/10/1998,31/12/9999,"60,00","50,00",
0151,AVES DOMESTICAS,07/10/1999,-,24/06/1999,31/12/9999,06/10/1998,31/12/9999,"60,00","50,00",
0152,AVES SILVESTRES,07/10/1999,-,24/06/1999,31/12/9999,06/10/1998,31/12/9999,"60,00","50,00",
0161,PEIXES ORNAMENTAIS DE AGUA DOCE OU SALGADA,07/10/1999,-,24/06/1999,31/12/9999,06/10/1998,31/12/9999,"60,00","50,00",
0162,"OUTROS PEIXES, CRUSTACEOS E MOLUSCOS AQUATICOS, DE AGUA DOCE OU SALGADA, PARA CULTIVO",07/10/1999,-,24/06/1999,31/12/9999,06/10/1998,31/12/9999,"60,00","50,00",
0169,"OUTROS PEIXES, CRUSTACEOS E MOLUSCOS, EXCETO PARA CONSUMO HUMANO",07/10/1999,-,24/06/1999,31/12/9999,06/10/1998,31/12/9999,"60,00","50,00",
0171,ABELHAS,07/10/1999,-,24/06/1999,31/12/9999,06/10/1998,31/12/9999,"60,00","50,00",
0172,BICHO-DA-SEDA,07/10/1999,-,24/06/1999,31/12/9999,06/10/1998,31/12/9999,"60,00","50,00",
0179,OUTROS INSETOS,07/10/1999,-,24/06/1999,31/12/9999,06/10/1998,31/12/9999,"60,00","50,00",
0180,"OUTROS ANIMAIS VIVOS, EXCETO PARA CONSUMO HUMANO",07/10/1999,-,24/06/1999,31/12/9999,06/10/1998,31/12/9999,"60,00","50,00",
0191,SEMEN DE ANIMAIS,07/10/1999,-,24/06/1999,31/12/9999,06/10/1998,31/12/9999,"60,00","50,00",
0192,EMBRIOES DE ANIMAIS,07/10/1999,-,24/06/1999,31/12/9999,06/10/1998,31/12/9999,"60,00","50,00",
0193,OVOS DE BICHO-DA-SEDA,07/10/1999,-,24/06/1999,31/12/9999,06/10/1998,31/12/9999,"60,00","50,00",
0194,OVOS FERTEIS DE AVES DOMESTICAS,07/10/1999,-,24/06/1999,31/12/9999,06/10/1998,31/12/9999,"60,00","50,00",
0195,OVOS FERTEIS DE AVES SILVESTRES,07/10/1999,-,24/06/1999,31/12/9999,06/10/1998,31/12/9999,"60,00","50,00",
0196,OVOS DE OUTROS ANIMAIS DOMESTICOS PARA INCUBACAO,07/10/1999,-,24/06/1999,31/12/9999,06/10/1998,31/12/9999,"60,00","50,00",
0197,OVOS DE OUTROS ANIMAIS SILVESTRES PARA INCUBACAO,07/10/1999,-,24/06/1999,31/12/9999,06/10/1998,31/12/9999,"60,00","50,00",
0199,OUTROS MATERIAIS DE MULTIPLICACAO ANIMAL,07/10/1999,-,24/06/1999,31/12/9999,06/10/1998,31/12/9999,"60,00","50,00",
0211,"CARNES FRESCAS, REFRIGERADAS OU CONGELADAS, DE QUALQUER ESPECIE ANIMAL",07/10/1999,-,24/06/1999,31/12/9999,06/10/1998,31/12/9999,"60,00","50,00",
0212,"MIUDEZAS, TRIPAS, ESTOMAGOS, GLANDULAS FRESCAS, REFRIGERADAS OU CONGELADAS, DE QUALQUER ESPECIE",07/10/1999,-,24/06/1999,31/12/9999,06/10/1998,31/12/9999,"60,00","50,00",
0213,"PRODUTOS A BASE DE CARNES DE QUALQUER ESPECIE ANIMAL, FRESCOS, REFRIGERADOS, CONGELADOS, EMBUTIDOS, SALGADOS, CURADOS, COZIDOS,  ESTERILIZADOS ",07/10/1999,-,24/06/1999,31/12/9999,06/10/1998,31/12/9999,"60,00","50,00",
0219,"OUTRAS CARNES, MIUDEZAS E PRODUTOS A BASE DE CARNES, PARA CONSUMO HUMANO",07/10/1999,-,24/06/1999,31/12/9999,06/10/1998,31/12/9999,"60,00","50,00",
0220,"PEIXES, CRUSTACEOS, MOLUSCOS, ANFIBIOS, MAMIFEROS AQUATICOS, REPTEIS E QUELONIOS,  VIVOS, PARA CONSUMO HUMANO",07/10/1999,-,24/06/1999,31/12/9999,06/10/1998,31/12/9999,"60,00","50,00",
0230,"PRODUTOS A BASE DE PEIXES, CRUSTACEOS, MOLUSCOS, ANFIBIOS, MAMIFEROS AQUATICOS, REPTEIS E QUELONIOS, PARA CONSUMO HUMANO",07/10/1999,-,24/06/1999,31/12/9999,06/10/1998,31/12/9999,"60,00","50,00",
0240,"GORDURA OU OLEO, PARA CONSUMO HUMANO",07/10/1999,-,24/06/1999,31/12/9999,06/10/1998,31/12/9999,"60,00","50,00",
0251,"LEITE E PRODUTOS FLUIDOS A BASE DE LEITE PASTEURIZADO, ESTERILIZADO, UHT, DE ORIGEM ANIMAL, COM OU SEM ADICOES",07/10/1999,-,24/06/1999,31/12/9999,06/10/1998,31/12/9999,"60,00","50,00",
0252,"LEITE E PRODUTOS A BASE DE LEITE, DESIDRATADOS, DE ORIGEM ANIMAL, COM OU SEM ADICOES",07/10/1999,-,24/06/1999,31/12/9999,06/10/1998,31/12/9999,"60,00","50,00",
0253,"PRODUTOS LACTEOS FERMENTADOS OU ACIDIFICADOS (POR EXEMPLO, IOGURTES, BEBIDAS LACTEAS, QUEIJOS)",07/10/1999,-,24/06/1999,31/12/9999,06/10/1998,31/12/9999,"60,00","50,00",
0259,"OUTROS PRODUTOS LACTEOS (POR EXEMPLO, QUEIJOS PROCESSADOS, LACTOSE, CASEINA E CASEINATOS; PROTEINA CONCENTRADA OU ISOLADA, DE LEITE OU DE SORO ",07/10/1999,-,24/06/1999,31/12/9999,06/10/1998,31/12/9999,"60,00","50,00",
0261,"PELES DE ANIMAIS, FRESCAS, SALGADAS, SECAS, TRATADAS PELA CAL, ""PICLADAS"" OU CONSERVADAS DE OUTRO MODO, MAS NAO CURTIDAS, NEM PERGAMINHADAS, NEM ",07/10/1999,-,24/06/1999,31/12/9999,06/10/1998,31/12/9999,"60,00","50,00",
0262,"PARTES DE ANIMAIS SILVESTRES, INCLUINDO TROFEUS DE CACA",07/10/1999,-,24/06/1999,31/12/9999,06/10/1998,31/12/9999,"60,00","50,00",
0269,"OUTROS PRODUTOS DE ORIGEM ANIMAL, NAO COMESTIVEIS",07/10/1999,-,24/06/1999,31/12/9999,06/10/1998,31/12/9999,"60,00","50,00",
0290,"OUTROS ANIMAIS E PRODUTOS DE ORIGEM ANIMAL, NAO ESPECIFICADOS NEM COMPREENDIDOS POR OUTROS CODIGOS DESTE CAPITULO",07/10/1999,-,24/06/1999,31/12/9999,06/10/1998,31/12/9999,"60,00","50,00",
0311,"""IN NATURA""",07/10/1999,-,24/06/1999,31/12/9999,06/10/1998,31/12/9999,"60,00","50,00",
0312,SEMI PROCESSADOS,07/10/1999,-,24/06/1999,31/12/9999,06/10/1998,31/12/9999,"60,00","50,00",
0313,PROCESSADOS E APRESENTADOS EM EMBALAGEM HERMETICAMENTE FECHADA,07/10/1999,-,24/06/1999,31/12/9999,06/10/1998,31/12/9999,"60,00","50,00",
0319,OUTROS VEGETAIS E PRODUTOS DE ORIGEM VEGETAL DESTINADOS AO CONSUMO HUMANO,07/10/1999,-,24/06/1999,31/12/9999,06/10/1998,31/12/9999,"60,00","50,00",
0321,"""IN NATURA""",07/10/1999,-,24/06/1999,31/12/9999,06/10/1998,31/12/9999,"60,00","50,00",
0322,SEMI PROCESSADOS,07/10/1999,-,24/06/1999,31/12/9999,06/10/1998,31/12/9999,"60,00","50,00",
0329,OUTROS VEGETAIS E PRODUTOS DE ORIGEM VEGETAL DESTINADOS A INDUSTRIA,07/10/1999,-,24/06/1999,31/12/9999,06/10/1998,31/12/9999,"60,00","50,00",
0330,"VEGETAIS E PRODUTOS DE ORIGEM VEGETAL DESTINADOS A PROPAGACAO, EXCETO PLANTAS ORNAMENTAIS E AQUATICAS",07/10/1999,-,24/06/1999,31/12/9999,06/10/1998,31/12/9999,"60,00","50,00",
0341,PLANTAS ORNAMENTAIS DESTINADAS A PROPAGACAO,07/10/1999,-,24/06/1999,31/12/9999,06/10/1998,31/12/9999,"60,00","50,00",
0342,PLANTAS ORNAMENTAIS DESTINADAS AO COMERCIO,07/10/1999,-,24/06/1999,31/12/9999,06/10/1998,31/12/9999,"60,00","50,00",
0349,OUTRAS PLANTAS ORNAMENTAIS,07/10/1999,-,24/06/1999,31/12/9999,06/10/1998,31/12/9999,"60,00","50,00",
0350,PLANTAS AQUATICAS,07/10/1999,-,24/06/1999,31/12/9999,06/10/1998,31/12/9999,"60,00","50,00",
0362,"CHARUTOS, CIGARRILHAS E CIGARROS",08/11/1999,-,24/06/1999,31/12/9999,06/10/1998,31/12/9999,"60,00","50,00",S
0370,VEGETAIS E PRODUTOS DE ORIGEM VEGETAL COM PROPRIEDADES ALUCINOGENAS,07/10/1999,-,24/06/1999,31/12/9999,06/10/1998,31/12/9999,"60,00","50,00",
0381,VEGETAIS E PRODUTOS DE ORIGEM VEGETAL GENETICAMENTE MODIFICADOS (TRANSGENICOS) DESTINADOS A PROPAGACAO,07/10/1999,-,24/06/1999,31/12/9999,06/10/1998,31/12/9999,"60,00","50,00",
0382,VEGETAIS E PRODUTOS DE ORIGEM VEGETAL GENETICAMENTE MODIFICADOS (TRANSGENICOS) DESTINADOS AO CONSUMO OU A INDUSTRIA,07/10/1999,-,24/06/1999,31/12/9999,06/10/1998,31/12/9999,"60,00","50,00",
0390,OUTROS VEGETAIS E PRODUTOS DE ORIGEM VEGETAL,07/10/1999,-,24/06/1999,31/12/9999,06/10/1998,31/12/9999,"60,00","50,00",
0410,"ALIMENTOS PARA DIETAS COM RESTRICAO DE NUTRIENTES (CARBOIDRATOS, GORDURAS, PROTEINAS E SODIO)",07/10/1999,-,24/06/1999,31/12/9999,06/10/1998,31/12/9999,"60,00","50,00",
0421,ALIMENTOS PARA CONTROLE DE PESO,07/10/1999,-,24/06/1999,31/12/9999,06/10/1998,31/12/9999,"60,00","50,00",
0422,ALIMENTOS PARA PRATICANTES DE ATIVIDADE FISICA,07/10/1999,-,24/06/1999,31/12/9999,06/10/1998,31/12/9999,"60,00","50,00",
0423,ALIMENTOS PARA DIETAS PARA NUTRICAO ENTERAL,07/10/1999,-,24/06/1999,31/12/9999,06/10/1998,31/12/9999,"60,00","50,00",
0424,ALIMENTOS PARA DIETAS DE INGESTAO CONTROLADA DE ACUCARES,07/10/1999,-,24/06/1999,31/12/9999,06/10/1998,31/12/9999,"60,00","50,00",
0431,"FORMULAS E ALIMENTOS INFANTIS, INCLUSIVE LEITES ESPECIAIS",07/10/1999,-,24/06/1999,31/12/9999,06/10/1998,31/12/9999,"60,00","50,00",
0432,ALIMENTOS PARA GESTANTES E NUTRIZES,07/10/1999,-,24/06/1999,31/12/9999,06/10/1998,31/12/9999,"60,00","50,00",
0433,ALIMENTOS PARA IDOSOS,07/10/1999,-,24/06/1999,31/12/9999,06/10/1998,31/12/9999,"60,00","50,00",
0440,CONCENTRADOS DE PROTEINAS,07/10/1999,-,24/06/1999,31/12/9999,06/10/1998,31/12/9999,"60,00","50,00",
0450,SUPLEMENTOS VITAMINICOS E MINERAIS,07/10/1999,-,24/06/1999,31/12/9999,06/10/1998,31/12/9999,"60,00","50,00",
0460,"ALIMENTOS COM INFORMACAO NUTRICIONAL COMPLEMENTAR (POR EXEMPLO, LEVE OU ""LIGHT"", BAIXO OU ""LOW"", ALTO TEOR OU ""HIGH"", LIVRE OU ""FREE"" )",07/10/1999,-,24/06/1999,31/12/9999,06/10/1998,31/12/9999,"60,00","50,00",
0470,"PEPTONAS E SEUS DERIVADOS, DEXTRINA E GELATINAS, DESTINADAS A INDUSTRIA ALIMENTICIA",07/10/1999,-,24/06/1999,31/12/9999,06/10/1998,31/12/9999,"60,00","50,00",
0480,SAL DE MESA (CLORETO DE SODIO),07/10/1999,-,24/06/1999,31/12/9999,06/10/1998,31/12/9999,"60,00","50,00",
0511,SUCOS,07/10/1999,-,24/06/1999,31/12/9999,06/10/1998,31/12/9999,"60,00","50,00",
0512,VINAGRES,07/10/1999,-,24/06/1999,31/12/9999,06/10/1998,31/12/9999,"60,00","50,00",
0513,"CHAS, MATES E CAFES, APRESENTADOS NA FORMA LIQUIDA",07/10/1999,-,24/06/1999,31/12/9999,06/10/1998,31/12/9999,"60,00","50,00",
0514,AGUAS POTAVEIS,07/10/1999,-,24/06/1999,31/12/9999,06/10/1998,31/12/9999,"60,00","50,00",
0519,OUTRAS BEBIDAS NAO ALCOOLICAS,07/10/1999,-,24/06/1999,31/12/9999,06/10/1998,31/12/9999,"60,00","50,00",
0520,BEBIDAS ALCOOLICAS,08/11/1999,-,24/06/1999,31/12/9999,06/10/1998,31/12/9999,"60,00","50,00",S
0610,PRODUTOS QUIMICOS UTILIZADOS COMO ADITIVOS ALIMENTARES E COMO COADJUVANTES DE TECNOLOGIA NA INDUSTRIA ALIMENTAR,07/10/1999,-,24/06/1999,31/12/9999,06/10/1998,31/12/9999,"60,00","50,00",
0620,PRODUTOS QUIMICOS UTILIZADOS NA FORMULACAO DE PRODUTOS VETERINARIOS,07/10/1999,-,24/06/1999,31/12/9999,06/10/1998,31/12/9999,"60,00","50,00",
0630,MERCURIO METALICO,07/10/1999,-,24/06/1999,31/12/9999,06/10/1998,31/12/9999,"60,00","50,00",
0640,PRODUTOS QUIMICOS RADIOATIVOS,07/10/1999,-,24/06/1999,31/12/9999,06/10/1998,31/12/9999,"60,00","50,00",
0650,"MATERIAS PRIMAS, COMPONENTES, INGREDIENTES INERTES E ADITIVOS USADOS NA FORMULACAO DE AGROTOXICOS",07/10/1999,-,24/06/1999,31/12/9999,06/10/1998,31/12/9999,"60,00","50,00",
0660,"PRODUTOS UTILIZADOS NA PRODUCAO DE ARMAS, MUNICOES, EXPLOSIVOS, AGENTES DE GUERRA QUIMICA, MINAS E EM OUTRAS FINALIDADES BELICAS",07/10/1999,-,24/06/1999,31/12/9999,06/10/1998,31/12/9999,"60,00","50,00",
0671,"ACETONA, ACIDO CLORIDRICO, ACIDO SULFURICO, ANIDRIDO ACETICO, CLOROFORMIO, CLORETO DE METILENO, ETER, METIL ETIL CETONA, PERMANGANATO DE ",07/10/1999,-,24/06/1999,31/12/9999,06/10/1998,31/12/9999,"60,00","50,00",
0672,OUTROS PRECURSORES QUE POSSAM SER UTILIZADOS PARA SINTESE DE SUBSTANCIAS ENTORPECENTES E PSICOTROPICAS,07/10/1999,-,24/06/1999,31/12/9999,06/10/1998,31/12/9999,"60,00","50,00",
0673,"PRODUTOS QUIMICOS UTILIZADOS PARA A PRODUCAO DE MEDICAMENTOS PSICOTROPICOS, ASSOCIADOS OU NAO",07/10/1999,-,24/06/1999,31/12/9999,06/10/1998,31/12/9999,"60,00","50,00",
0674,"PRODUTOS QUIMICOS UTILIZADOS PARA A PRODUCAO DE MEDICAMENTOS ENTORPECENTES, ASSOCIADOS OU NAO",07/10/1999,-,24/06/1999,31/12/9999,06/10/1998,31/12/9999,"60,00","50,00",
0675,"PRODUTOS QUIMICOS UTILIZADOS PARA A PRODUCAO DE OUTROS MEDICAMENTOS, SUJEITOS A CONTROLE ESPECIAL",07/10/1999,-,24/06/1999,31/12/9999,06/10/1998,31/12/9999,"60,00","50,00",
0676,"PADROES DE REFERENCIA DESTINADOS A TESTES ANALITICOS, PESQUISAS E  AULAS, A BASE DE SUBSTANCIAS SUJEITAS A CONTROLE ESPECIAL",07/10/1999,-,24/06/1999,31/12/9999,06/10/1998,31/12/9999,"60,00","50,00",
0679,OUTROS PRODUTOS E PREPARACOES QUIMICAS SUJEITOS A CONTROLE ESPECIAL,07/10/1999,-,24/06/1999,31/12/9999,06/10/1998,31/12/9999,"60,00","50,00",
0691,"PRODUTOS QUIMICOS UTILIZADOS PARA PRODUCAO DE ANTIBIOTICOS, ANTIVIROTICOS, HORMONIOS, ANTINEOPLASICOS, CARDIOTONICOS, ASSOCIADOS OU  NAO",07/10/1999,-,24/06/1999,31/12/9999,06/10/1998,31/12/9999,"60,00","50,00",
0692,"PRODUTOS QUIMICOS UTILIZADOS PARA PRODUCAO DE VACINAS E IMUNOBIOLOGICOS, ASSOCIADOS OU NAO",07/10/1999,-,24/06/1999,31/12/9999,06/10/1998,31/12/9999,"60,00","50,00",
0693,"PRODUTOS QUIMICOS UTILIZADOS PARA PRODUCAO DE MEDICAMENTOS A  BASE DE PLANTAS, ASSOCIADOS OU NAO",07/10/1999,-,24/06/1999,31/12/9999,06/10/1998,31/12/9999,"60,00","50,00",
0694,"REAGENTES PARA DIAGNOSTICO ""IN VITRO""",07/10/1999,-,24/06/1999,31/12/9999,06/10/1998,31/12/9999,"60,00","50,00",
0695,"MEIOS DE CULTURA, EXCETO CONTENDO MICROORGANISMOS",07/10/1999,-,24/06/1999,31/12/9999,06/10/1998,31/12/9999,"60,00","50,00",
0699,OUTROS PRODUTOS E PREPARACOES QUIMICAS NAO ESPECIFICADOS NEM COMPREENDIDOS POR OUTROS CODIGOS DESTE CAPITULO,07/10/1999,-,24/06/1999,31/12/9999,06/10/1998,31/12/9999,"60,00","50,00",
0711,"VITAMINAS E SAIS MINERAIS, MESMO ASSOCIADOS A OUTRAS SUBSTANCIAS",07/10/1999,-,24/06/1999,31/12/9999,06/10/1998,31/12/9999,"60,00","50,00",
0712,"HORMONIOS, ANTIBIOTICOS, ANTIVIROTICOS, ANTINEOPLASICOS E CARDIOTONICOS",07/10/1999,-,24/06/1999,31/12/9999,06/10/1998,31/12/9999,"60,00","50,00",
0713,"SOROS, VACINAS E IMUNOBIOLOGICOS, ASSOCIADOS OU NAO",07/10/1999,-,24/06/1999,31/12/9999,06/10/1998,31/12/9999,"60,00","50,00",
0714,"MEDICAMENTOS A BASE DE PLANTAS, MESMO ASSOCIADOS A OUTRAS SUBSTANCIAS",07/10/1999,-,24/06/1999,31/12/9999,06/10/1998,31/12/9999,"60,00","50,00",
0719,"OUTROS MEDICAMENTOS E VACINAS PARA USO HUMANO, NAO CONTENDO PRODUTOS QUIMICOS SUJEITOS A CONTROLE ESPECIAL",07/10/1999,-,24/06/1999,31/12/9999,06/10/1998,31/12/9999,"60,00","50,00",
0720,"MEDICAMENTOS E VACINAS, PARA USO VETERINARIO, NAO CONTENDO SUBSTANCIAS SUJEITAS A CONTROLE ESPECIAL",07/10/1999,-,24/06/1999,31/12/9999,06/10/1998,31/12/9999,"60,00","50,00",
0731,"MEDICAMENTOS CONTENDO CLORETO DE METILENO, ETER, METIL ETIL CETONA, PERMANGANATO DE POTASSIO, SULFATO DE SODIO E TOLUENO",07/10/1999,-,24/06/1999,31/12/9999,06/10/1998,31/12/9999,"60,00","50,00",
0732,"MEDICAMENTOS A BASE DE SUBSTANCIAS PSICOTROPICAS, ASSOCIADOS OU NAO",07/10/1999,-,24/06/1999,31/12/9999,06/10/1998,31/12/9999,"60,00","50,00",
0733,"MEDICAMENTOS A BASE DE SUBSTANCIAS ENTORPECENTES, ASSOCIADOS OU NAO",07/10/1999,-,24/06/1999,31/12/9999,06/10/1998,31/12/9999,"60,00","50,00",
0739,"OUTROS MEDICAMENTOS A BASE DE PRODUTOS QUIMICOS SUJEITOS A CONTROLE ESPECIAL, PARA USO HUMANO OU VETERINARIO, ASSOCIADOS OU NAO",07/10/1999,-,24/06/1999,31/12/9999,06/10/1998,31/12/9999,"60,00","50,00",
0740,MICROORGANISMOS,07/10/1999,-,24/06/1999,31/12/9999,06/10/1998,31/12/9999,"60,00","50,00",
0750,AGUA OXIGENADA,07/10/1999,-,24/06/1999,31/12/9999,06/10/1998,31/12/9999,"60,00","50,00",
0760,ARTIGOS CONTRACEPTIVOS E PREVENTIVOS DE DOENCAS SEXUALMENTE TRANSMISSIVEIS,07/10/1999,-,24/06/1999,31/12/9999,06/10/1998,31/12/9999,"60,00","50,00",
0790,OUTROS MEDICAMENTOS E PRODUTOS FARMACEUTICOS NAO ESPECIFICADOS NEM COMPREENDIDOS POR OUTROS CODIGOS DESTE CAPITULO,07/10/1999,-,24/06/1999,31/12/9999,06/10/1998,31/12/9999,"60,00","50,00",
0810,SANGUE E HEMOCOMPONENTES HUMANOS,07/10/1999,-,24/06/1999,31/12/9999,06/10/1998,31/12/9999,"60,00","50,00",
0820,HEMODERIVADOS DO SANGUE HUMANO,07/10/1999,-,24/06/1999,31/12/9999,06/10/1998,31/12/9999,"60,00","50,00",
0830,ALIQUOTAS DE SANGUE,07/10/1999,-,24/06/1999,31/12/9999,06/10/1998,31/12/9999,"60,00","50,00",
0841,CELULAS DE CORDAO UMBILICAL,07/10/1999,-,24/06/1999,31/12/9999,06/10/1998,31/12/9999,"60,00","50,00",
0842,MEDULA OSSEA,07/10/1999,-,24/06/1999,31/12/9999,06/10/1998,31/12/9999,"60,00","50,00",
0843,MEMBRANA AMNIOTICA,07/10/1999,-,24/06/1999,31/12/9999,06/10/1998,31/12/9999,"60,00","50,00",
0890,OUTROS ORGAOS E TECIDOS HUMANOS,07/10/1999,-,24/06/1999,31/12/9999,06/10/1998,31/12/9999,"60,00","50,00",
0910,"PERFUMES, EXTRATOS E AGUAS DE COLONIA PARA USO HUMANO",07/10/1999,-,24/06/1999,31/12/9999,06/10/1998,31/12/9999,"60,00","50,00",
0920,"SAIS, OLEOS E CAPSULAS PARA O BANHO",07/10/1999,-,24/06/1999,31/12/9999,06/10/1998,31/12/9999,"60,00","50,00",
0930,LENCOS PERFUMADOS,07/10/1999,-,24/06/1999,31/12/9999,06/10/1998,31/12/9999,"60,00","50,00",
0940,ODORIFEROS DE AMBIENTE,07/10/1999,-,24/06/1999,31/12/9999,06/10/1998,31/12/9999,"60,00","50,00",
0990,OUTROS PRODUTOS DE PERFUMARIA,07/10/1999,-,24/06/1999,31/12/9999,06/10/1998,31/12/9999,"60,00","50,00",
1010,"PRODUTOS PARA MAQUIAGEM, CREMES, GEIS, LOCOES, OLEOS E MASCARAS, PARA O ROSTO, MAOS, PERNAS E CORPO, INCLUINDO AREA DOS OLHOS",07/10/1999,-,24/06/1999,31/12/9999,06/10/1998,31/12/9999,"60,00","50,00",
1020,"PROTETORES SOLAR, PRODUTOS PARA BRONZEAR, PROTETORES LABIAIS",07/10/1999,-,24/06/1999,31/12/9999,06/10/1998,31/12/9999,"60,00","50,00",
1030,"LENCOS UMEDECIDOS E DISCOS DEMAQUILANTES, EXCETO PERFUMADOS",07/10/1999,-,24/06/1999,31/12/9999,06/10/1998,31/12/9999,"60,00","50,00",
1040,"TALCOS E POLVILHOS, PARA USO HUMANO",07/10/1999,-,24/06/1999,31/12/9999,06/10/1998,31/12/9999,"60,00","50,00",
1050,"TINTURAS, ALISANTES, ONDULANTES, FIXADORES, TONICOS E DEMAIS PREPARACOES CAPILARES",07/10/1999,-,24/06/1999,31/12/9999,06/10/1998,31/12/9999,"60,00","50,00",
1060,DEPILATORIOS,07/10/1999,-,24/06/1999,31/12/9999,06/10/1998,31/12/9999,"60,00","50,00",
1070,PRODUTOS PARA UNHAS E CUTICULAS,07/10/1999,-,24/06/1999,31/12/9999,06/10/1998,31/12/9999,"60,00","50,00",
1080,REPELENTES DE INSETOS DE USO TOPICO,07/10/1999,-,24/06/1999,31/12/9999,06/10/1998,31/12/9999,"60,00","50,00",
1090,OUTROS PRODUTOS COSMETICOS OU DE TOUCADOR,07/10/1999,-,24/06/1999,31/12/9999,06/10/1998,31/12/9999,"60,00","50,00",
1110,SABONETES,07/10/1999,-,24/06/1999,31/12/9999,06/10/1998,31/12/9999,"60,00","50,00",
1120,"XAMPUS, CONDICIONADORES E PRODUTOS PARA ENXAGUE CAPILAR",07/10/1999,-,24/06/1999,31/12/9999,06/10/1998,31/12/9999,"60,00","50,00",
1130,"DENTIFRICIOS, PRODUTOS PARA BOCHECHO E AROMATIZANTES BUCAIS",07/10/1999,-,24/06/1999,31/12/9999,06/10/1998,31/12/9999,"60,00","50,00",
1140,DESODORANTES,07/10/1999,-,24/06/1999,31/12/9999,06/10/1998,31/12/9999,"60,00","50,00",
1150,PRODUTOS PARA BARBEAR,07/10/1999,-,24/06/1999,31/12/9999,06/10/1998,31/12/9999,"60,00","50,00",
1160,FIOS E FITAS DENTAIS,07/10/1999,-,24/06/1999,31/12/9999,06/10/1998,31/12/9999,"60,00","50,00",
1170,"FRALDAS DESCARTAVEIS, TAMPOES HIGIENICOS, ABSORVENTES HIGIENICOS DESCARTAVEIS",07/10/1999,-,24/06/1999,31/12/9999,06/10/1998,31/12/9999,"60,00","50,00",
1180,ESCOVAS DENTAIS INDICADORAS E ORTODONTICAS,07/10/1999,-,24/06/1999,31/12/9999,06/10/1998,31/12/9999,"60,00","50,00",
1190,OUTROS PRODUTOS DE HIGIENE CORPORAL,07/10/1999,-,24/06/1999,31/12/9999,06/10/1998,31/12/9999,"60,00","50,00",
1210,"AGUAS SANITARIAS E ALVEJANTES, EXCETO DETERGENTES ALVEJANTES",07/10/1999,-,24/06/1999,31/12/9999,06/10/1998,31/12/9999,"60,00","50,00",
1221,DETERGENTES ANTIFERRUGINOSOS,07/10/1999,-,24/06/1999,31/12/9999,06/10/1998,31/12/9999,"60,00","50,00",
1222,DETERGENTES DESINCRUSTANTES ACIDOS,07/10/1999,-,24/06/1999,31/12/9999,06/10/1998,31/12/9999,"60,00","50,00",
1223,DETERGENTES DESINCRUSTANTES ALCALINOS,07/10/1999,-,24/06/1999,31/12/9999,06/10/1998,31/12/9999,"60,00","50,00",
1224,DETERGENTES ALVEJANTES,07/10/1999,-,24/06/1999,31/12/9999,06/10/1998,31/12/9999,"60,00","50,00",
1229,OUTROS DETERGENTES,07/10/1999,-,24/06/1999,31/12/9999,06/10/1998,31/12/9999,"60,00","50,00",
1230,DESINFETANTES,07/10/1999,-,24/06/1999,31/12/9999,06/10/1998,31/12/9999,"60,00","50,00",
1240,DESODORIZANTE AMBIENTAL,07/10/1999,-,24/06/1999,31/12/9999,06/10/1998,31/12/9999,"60,00","50,00",
1250,ESTERILIZANTES,07/10/1999,-,24/06/1999,31/12/9999,06/10/1998,31/12/9999,"60,00","50,00",
1260,"FUNGICIDAS, ALGICIDAS, INSETICIDAS, FORMICIDAS, HERBICIDAS, MOLUSCIDAS, NEMATICIDAS, ACARICIDAS, RATICIDAS, AVICIDAS, BACTERICIDAS, FEROMONIOS, ",07/10/1999,-,24/06/1999,31/12/9999,06/10/1998,31/12/9999,"60,00","50,00",
1270,PRODUTOS BIOLOGICOS PARA CONTROLE DE PRAGAS,07/10/1999,-,24/06/1999,31/12/9999,06/10/1998,31/12/9999,"60,00","50,00",
1280,PRODUTOS BIOLOGICOS PARA CONTROLE DE ODORES,07/10/1999,-,24/06/1999,31/12/9999,06/10/1998,31/12/9999,"60,00","50,00",
1290,"OUTROS SANEANTES, DOMISSANITARIOS E AGROTOXICOS",07/10/1999,-,24/06/1999,31/12/9999,06/10/1998,31/12/9999,"60,00","50,00",
1300,"MADEIRA, CORTICA, E SUAS OBRAS, EXCETO MOVEIS; OBRAS DE ESPARTARIA OU CESTARIA, EXCETO MOVEIS",07/10/1999,-,24/06/1999,31/12/9999,06/10/1998,31/12/9999,"60,00","50,00",
1400,PAPEL E CARTAO,07/10/1999,-,24/06/1999,31/12/9999,06/10/1998,31/12/9999,"60,00","50,00",
1500,"LIVROS, REVISTAS, PUBLICACOES PERIODICAS, JORNAIS, MANUAIS TECNICOS E DEMAIS PRODUTOS DAS INDUSTRIAS GRAFICAS",07/10/1999,-,24/06/1999,31/12/9999,06/10/1998,31/12/9999,"60,00","50,00",
1611,TECIDOS A PROVA DE BALA,07/10/1999,-,24/06/1999,31/12/9999,06/10/1998,31/12/9999,"60,00","50,00",
1619,OUTROS TECIDOS,07/10/1999,-,24/06/1999,31/12/9999,06/10/1998,31/12/9999,"60,00","50,00",
1621,VESTUARIO E SEUS ACESSORIOS DE COURO,07/10/1999,-,24/06/1999,31/12/9999,06/10/1998,31/12/9999,"60,00","50,00",
1622,VESTUARIO E SEUS ACESSORIOS CONFECCIONADOS A PARTIR DE PELES DE ANIMAIS SILVESTRES,07/10/1999,-,24/06/1999,31/12/9999,06/10/1998,31/12/9999,"60,00","50,00",
1623,COLETES A PROVA DE BALA,07/10/1999,-,24/06/1999,31/12/9999,06/10/1998,31/12/9999,"60,00","50,00",
1629,VESTUARIO E SEUS ACESSORIOS CONFECCIONADOS A PARTIR DE OUTROS MATERIAIS,07/10/1999,-,24/06/1999,31/12/9999,06/10/1998,31/12/9999,"60,00","50,00",
1631,VESTUARIO E SEUS ACESSORIOS DE COURO,07/10/1999,-,24/06/1999,31/12/9999,06/10/1998,31/12/9999,"60,00","50,00",
1632,VESTUARIO E SEUS ACESSORIOS CONFECCIONADOS A PARTIR DE PELES DE ANIMAIS SILVESTRES,07/10/1999,-,24/06/1999,31/12/9999,06/10/1998,31/12/9999,"60,00","50,00",
1633,COLETES A PROVA DE BALA,07/10/1999,-,24/06/1999,31/12/9999,06/10/1998,31/12/9999,"60,00","50,00",
1639,VESTUARIO E SEUS ACESSORIOS CONFECCIONADOS A PARTIR DE OUTROS MATERIAIS,07/10/1999,-,24/06/1999,31/12/9999,06/10/1998,31/12/9999,"60,00","50,00",
1641,VESTUARIO E SEUS ACESSORIOS DE COURO,07/10/1999,-,24/06/1999,31/12/9999,06/10/1998,31/12/9999,"60,00","50,00",
1642,VESTUARIO E SEUS ACESSORIOS CONFECCIONADOS A PARTIR DE PELES DE ANIMAIS SILVESTRES,07/10/1999,-,24/06/1999,31/12/9999,06/10/1998,31/12/9999,"60,00","50,00",
1643,COLETES A PROVA DE BALA,07/10/1999,-,24/06/1999,31/12/9999,06/10/1998,31/12/9999,"60,00","50,00",
1649,VESTUARIO E SEUS ACESSORIOS CONFECCIONADOS A PARTIR DE OUTROS MATERIAIS,07/10/1999,-,24/06/1999,31/12/9999,06/10/1998,31/12/9999,"60,00","50,00",
1700,TAPETES E RENDAS,07/10/1999,-,24/06/1999,31/12/9999,06/10/1998,31/12/9999,"60,00","50,00",
1810,"ROUPAS DE CAMA, MESA OU BANHO, NOVAS",07/10/1999,-,24/06/1999,31/12/9999,06/10/1998,31/12/9999,"60,00","50,00",
1820,"ROUPAS DE CAMA, MESA OU BANHO, USADAS, EXCETO QUANDO RECEBIDAS EM DOACAO",07/10/1999,-,24/06/1999,31/12/9999,06/10/1998,31/12/9999,"60,00","50,00",
1830,"ROUPAS DE CAMA, MESA OU BANHO, USADAS, RECEBIDAS EM DOACAO",07/10/1999,-,24/06/1999,31/12/9999,06/10/1998,31/12/9999,"60,00","50,00",
1911,"CALCADOS CONFECCIONADOS A PARTIR DE PELES DE ANIMAIS SILVESTRES, NOVOS",07/10/1999,-,24/06/1999,31/12/9999,06/10/1998,31/12/9999,"60,00","50,00",
1912,"CALCADOS CONFECCIONADOS A PARTIR DE PELES DE ANIMAIS SILVESTRES, USADOS, EXCETO QUANDO RECEBIDOS EM DOACAO",07/10/1999,-,24/06/1999,31/12/9999,06/10/1998,31/12/9999,"60,00","50,00",
1913,"CALCADOS CONFECCIONADOS A PARTIR DE PELES DE ANIMAIS SILVESTRES, USADOS, RECEBIDOS EM DOACAO",07/10/1999,-,24/06/1999,31/12/9999,06/10/1998,31/12/9999,"60,00","50,00",
1991,"OUTROS CALCADOS, NOVOS",07/10/1999,-,24/06/1999,31/12/9999,06/10/1998,31/12/9999,"60,00","50,00",
1992,"OUTROS CALCADOS, USADOS, EXCETO QUANDO RECEBIDOS EM DOACAO",07/10/1999,-,24/06/1999,31/12/9999,06/10/1998,31/12/9999,"60,00","50,00",
1993,"OUTROS CALCADOS, USADOS, RECEBIDOS EM DOACAO",07/10/1999,-,24/06/1999,31/12/9999,06/10/1998,31/12/9999,"60,00","50,00",
2000,"PEROLAS, PEDRAS PRECIOSAS OU SEMIPRECIOSAS, METAIS PRECIOSOS, METAIS FOLHEADOS OU CHAPEADOS DE METAIS PRECIOSOS, E SUAS OBRAS; BIJUTERIAS",07/10/1999,-,24/06/1999,31/12/9999,06/10/1998,31/12/9999,"60,00","50,00",
2110,"FERRAMENTAS MANUAIS, EXCETO ELETROMECANICAS",07/10/1999,-,24/06/1999,31/12/9999,06/10/1998,31/12/9999,"60,00","50,00",
2120,FERRAMENTAS ELETROMECANICAS,07/10/1999,-,24/06/1999,31/12/9999,06/10/1998,31/12/9999,"60,00","50,00",
2190,OUTRAS FERRAMENTAS DE USO DOMESTICO,07/10/1999,-,24/06/1999,31/12/9999,06/10/1998,31/12/9999,"60,00","50,00",
2210,"FERRAMENTAS MANUAIS, EXCETO ELETROMECANICAS",07/10/1999,-,24/06/1999,31/12/9999,06/10/1998,31/12/9999,"60,00","50,00",
2220,FERRAMENTAS ELETROMECANICAS,07/10/1999,-,24/06/1999,31/12/9999,06/10/1998,31/12/9999,"60,00","50,00",
2290,OUTRAS FERRAMENTAS DE USO PROFISSIONAL,07/10/1999,-,24/06/1999,31/12/9999,06/10/1998,31/12/9999,"60,00","50,00",
2310,"MAQUINAS E EQUIPAMENTOS PROJETADOS PARA A PRODUCAO  DE ARMAS, MUNICOES, EXPLOSIVOS E AGENTES QUIMICOS DE GUERRA",07/10/1999,-,24/06/1999,31/12/9999,06/10/1998,31/12/9999,"60,00","50,00",
2320,EQUIPAMENTOS PARA RECARGA DE MUNICOES E SUAS MATRIZES,07/10/1999,-,24/06/1999,31/12/9999,06/10/1998,31/12/9999,"60,00","50,00",
2390,OUTROS BENS DE CAPITAL (MAQUINAS E EQUIPAMENTOS UTILIZADOS DIRETAMENTE NA FABRICACAO DE OUTROS BENS),07/10/1999,-,24/06/1999,31/12/9999,06/10/1998,31/12/9999,"60,00","50,00",
2410,VENTILADORES,07/10/1999,-,24/06/1999,31/12/9999,06/10/1998,31/12/9999,"60,00","50,00",
2420,"ENCERADEIRAS, ASPIRADORES DE PO E MAQUINAS DE LIMPEZA A VAPOR",07/10/1999,-,24/06/1999,31/12/9999,06/10/1998,31/12/9999,"60,00","50,00",
2430,"FOGOES E FORNOS, INCLUIDOS OS DE MICROONDAS",07/10/1999,-,24/06/1999,31/12/9999,06/10/1998,31/12/9999,"60,00","50,00",
2440,"REFRIGERADORES E ""FREEZERS""",07/10/1999,-,24/06/1999,31/12/9999,06/10/1998,31/12/9999,"60,00","50,00",
2450,MAQUINAS DE LAVAR OU SECAR ROUPA,07/10/1999,-,24/06/1999,31/12/9999,06/10/1998,31/12/9999,"60,00","50,00",
2460,MAQUINAS DE LAVAR OU SECAR LOUCA,07/10/1999,-,24/06/1999,31/12/9999,06/10/1998,31/12/9999,"60,00","50,00",
2470,MAQUINAS DE COSTURA,07/10/1999,-,24/06/1999,31/12/9999,06/10/1998,31/12/9999,"60,00","50,00",
2480,APARELHOS DE AR CONDICIONADO,07/10/1999,-,24/06/1999,31/12/9999,06/10/1998,31/12/9999,"60,00","50,00",
2490,"OUTROS ELETRODOMESTICOS, EXCETO APARELHOS DE AUDIO OU DE VIDEO",07/10/1999,-,24/06/1999,31/12/9999,06/10/1998,31/12/9999,"60,00","50,00",
2511,"COMPUTADORES PORTATEIS (""PALMTOPS"" E ""NOTEBOOKS"")",07/10/1999,-,24/06/1999,31/12/9999,06/10/1998,31/12/9999,"60,00","50,00",
2512,"COMPUTADORES PESSOAIS DE MESA (""DESKTOPS""), SEM IMPRESSORA E SEM MONITOR",07/10/1999,-,24/06/1999,31/12/9999,06/10/1998,31/12/9999,"60,00","50,00",
2513,"COMPUTADORES PESSOAIS DE MESA (""DESKTOPS""), COM IMPRESSORA E SEM MONITOR",07/10/1999,-,24/06/1999,31/12/9999,06/10/1998,31/12/9999,"60,00","50,00",
2514,"COMPUTADORES PESSOAIS DE MESA (""DESKTOPS""), SEM IMPRESSORA E COM MONITOR",07/10/1999,-,24/06/1999,31/12/9999,06/10/1998,31/12/9999,"60,00","50,00",
2515,"COMPUTADORES PESSOAIS DE MESA (""DESKTOPS""), COM IMPRESSORA E COM MONITOR",07/10/1999,-,24/06/1999,31/12/9999,06/10/1998,31/12/9999,"60,00","50,00",
2519,OUTROS COMPUTADORES,07/10/1999,-,24/06/1999,31/12/9999,06/10/1998,31/12/9999,"60,00","50,00",
2520,IMPRESSORAS,07/10/1999,-,24/06/1999,31/12/9999,06/10/1998,31/12/9999,"60,00","50,00",
2530,MONITORES,07/10/1999,-,24/06/1999,31/12/9999,06/10/1998,31/12/9999,"60,00","50,00",
2540,"TECLADOS E ""MOUSES""",07/10/1999,-,24/06/1999,31/12/9999,06/10/1998,31/12/9999,"60,00","50,00",
2550,"""KITS"" MULTIMIDIA",07/10/1999,-,24/06/1999,31/12/9999,06/10/1998,31/12/9999,"60,00","50,00",
2560,UNIDADES LEITORAS OU GRAVADORAS DE CD-ROM,07/10/1999,-,24/06/1999,31/12/9999,06/10/1998,31/12/9999,"60,00","50,00",
2570,UNIDADES LEITORAS OU GRAVADORAS DE DISQUETES,07/10/1999,-,24/06/1999,31/12/9999,06/10/1998,31/12/9999,"60,00","50,00",
2590,"OUTROS PERIFERICOS, EXCETO PARTES DO CODIGO 902",07/10/1999,-,24/06/1999,31/12/9999,06/10/1998,31/12/9999,"60,00","50,00",
2610,DISCOS DE VINIL,07/10/1999,-,24/06/1999,31/12/9999,06/10/1998,31/12/9999,"60,00","50,00",
2620,PELICULAS CINEMATOGRAFICAS,07/10/1999,-,24/06/1999,31/12/9999,06/10/1998,31/12/9999,"60,00","50,00",
2630,FITAS CASSETE,07/10/1999,-,24/06/1999,31/12/9999,06/10/1998,31/12/9999,"60,00","50,00",
2640,FITAS DE VIDEO,07/10/1999,-,24/06/1999,31/12/9999,06/10/1998,31/12/9999,"60,00","50,00",
2650,DISQUETES,07/10/1999,-,24/06/1999,31/12/9999,06/10/1998,31/12/9999,"60,00","50,00",
2660,"""COMPACT DISKS"", ""DIGITAL VIDEO DISKS"" E ASSEMELHADOS",07/10/1999,-,24/06/1999,31/12/9999,06/10/1998,31/12/9999,"60,00","50,00",
2670,"CARTUCHOS PARA ""VIDEOGAMES""",07/10/1999,-,24/06/1999,31/12/9999,06/10/1998,31/12/9999,"60,00","50,00",
2690,OUTROS SUPORTES,07/10/1999,-,24/06/1999,31/12/9999,06/10/1998,31/12/9999,"60,00","50,00",
2710,DISCOS DE VINIL,07/10/1999,-,24/06/1999,31/12/9999,06/10/1998,31/12/9999,"60,00","50,00",
2720,PELICULAS CINEMATOGRAFICAS,07/10/1999,-,24/06/1999,31/12/9999,06/10/1998,31/12/9999,"60,00","50,00",
2730,FITAS CASSETE,07/10/1999,-,24/06/1999,31/12/9999,06/10/1998,31/12/9999,"60,00","50,00",
2740,FITAS DE VIDEO,07/10/1999,-,24/06/1999,31/12/9999,06/10/1998,31/12/9999,"60,00","50,00",
2751,DISQUETES CONTENDO JOGOS ELETRONICOS,07/10/1999,-,24/06/1999,31/12/9999,06/10/1998,31/12/9999,"60,00","50,00",
2752,DISQUETES CONTENDO PROGRAMAS DE COMPUTADOR OU DADOS,07/10/1999,-,24/06/1999,31/12/9999,06/10/1998,31/12/9999,"60,00","50,00",
2759,DISQUETES COM OUTROS CONTEUDOS,07/10/1999,-,24/06/1999,31/12/9999,06/10/1998,31/12/9999,"60,00","50,00",
2761,CONTENDO APENAS MUSICA,07/10/1999,-,24/06/1999,31/12/9999,06/10/1998,31/12/9999,"60,00","50,00",
2762,"CONTENDO MATERIAL DE AUDIO E VIDEO, EXCETO JOGOS ELETRONICOS",07/10/1999,-,24/06/1999,31/12/9999,06/10/1998,31/12/9999,"60,00","50,00",
2763,CONTENDO JOGOS ELETRONICOS,07/10/1999,-,24/06/1999,31/12/9999,06/10/1998,31/12/9999,"60,00","50,00",
2764,CONTENDO DADOS OU PROGRAMAS PARA COMPUTADORES,07/10/1999,-,24/06/1999,31/12/9999,06/10/1998,31/12/9999,"60,00","50,00",
2769,COM OUTROS CONTEUDOS,07/10/1999,-,24/06/1999,31/12/9999,06/10/1998,31/12/9999,"60,00","50,00",
2770,"CARTUCHOS PARA ""VIDEOGAMES""",07/10/1999,-,24/06/1999,31/12/9999,06/10/1998,31/12/9999,"60,00","50,00",
2790,"OUTROS SUPORTES PARA GRAVACAO DE SOM, VIDEO E DADOS, GRAVADOS",07/10/1999,-,24/06/1999,31/12/9999,06/10/1998,31/12/9999,"60,00","50,00",
2811,TELEFONES QUE OPEREM POR FIO,07/10/1999,-,24/06/1999,31/12/9999,06/10/1998,31/12/9999,"60,00","50,00",
2812,TELEFONES CELULARES,07/10/1999,-,24/06/1999,31/12/9999,06/10/1998,31/12/9999,"60,00","50,00",
2819,OUTROS TELEFONES,07/10/1999,-,24/06/1999,31/12/9999,06/10/1998,31/12/9999,"60,00","50,00",
2820,"""FAXES""",07/10/1999,-,24/06/1999,31/12/9999,06/10/1998,31/12/9999,"60,00","50,00",
2830,SECRETARIAS ELETRONICAS,07/10/1999,-,24/06/1999,31/12/9999,06/10/1998,31/12/9999,"60,00","50,00",
2840,FOTOCOPIADORAS,07/10/1999,-,24/06/1999,31/12/9999,06/10/1998,31/12/9999,"60,00","50,00",
2910,RADIOS,07/10/1999,-,24/06/1999,31/12/9999,06/10/1998,31/12/9999,"60,00","50,00",
2920,RADIOS COMBINADOS COM RELOGIO E DESPERTADOR,07/10/1999,-,24/06/1999,31/12/9999,06/10/1998,31/12/9999,"60,00","50,00",
2930,TOCA-FITAS,07/10/1999,-,24/06/1999,31/12/9999,06/10/1998,31/12/9999,"60,00","50,00",
2940,"REPRODUTORES DE ""COMPACT DISK"", REPRODUTORES  DE ""DIGITAL VIDEO DISK"" E ASSEMELHADOS",07/10/1999,-,24/06/1999,31/12/9999,06/10/1998,31/12/9999,"60,00","50,00",
2950,GRAVADORES,07/10/1999,-,24/06/1999,31/12/9999,06/10/1998,31/12/9999,"60,00","50,00",
2960,"APARELHOS QUE COMBINAM EM UM SO MODULO DOIS OU MAIS DOS SEGUINTES ELEMENTOS: RADIOS, TOCA-FITAS, GRAVADORES, REPRODUTORES DE ""COMPACT DISK"", ",07/10/1999,-,24/06/1999,31/12/9999,06/10/1998,31/12/9999,"60,00","50,00",
2990,"OUTROS REPRODUTORES E GRAVADORES DE AUDIO, INCLUSIVE RECEPTORES OU TRANSMISSORES DE ONDAS ELETROMAGNETICAS E ASSEMELHADOS",07/10/1999,-,24/06/1999,31/12/9999,06/10/1998,31/12/9999,"60,00","50,00",
3011,CAMARAS FOTOGRAFICAS,07/10/1999,-,24/06/1999,31/12/9999,06/10/1998,31/12/9999,"60,00","50,00",
3012,CAMARAS DE VIDEO,07/10/1999,-,24/06/1999,31/12/9999,06/10/1998,31/12/9999,"60,00","50,00",
3013,CAMARAS CINEMATOGRAFICAS,07/10/1999,-,24/06/1999,31/12/9999,06/10/1998,31/12/9999,"60,00","50,00",
3014,PROJETORES CINEMATOGRAFICOS,07/10/1999,-,24/06/1999,31/12/9999,06/10/1998,31/12/9999,"60,00","50,00",
3019,OUTRAS CAMARAS E PROJETORES,07/10/1999,-,24/06/1999,31/12/9999,06/10/1998,31/12/9999,"60,00","50,00",
3020,TELEVISORES,07/10/1999,-,24/06/1999,31/12/9999,06/10/1998,31/12/9999,"60,00","50,00",
3030,VIDEOCASSETES,07/10/1999,-,24/06/1999,31/12/9999,06/10/1998,31/12/9999,"60,00","50,00",
3040,TELEVISORES E VIDEOCASSETES COMBINADOS EM UM SO MODULO,07/10/1999,-,24/06/1999,31/12/9999,06/10/1998,31/12/9999,"60,00","50,00",
3050,"REPRODUTORES DE ""COMPACT DISK"", DE ""DIGITAL VIDEO DISK"" E ASSEMELHADOS, QUE APRESENTEM FUNCAO DE AUDIO E VIDEO",07/10/1999,-,24/06/1999,31/12/9999,06/10/1998,31/12/9999,"60,00","50,00",
3090,"OUTROS APARELHOS DE VIDEO OU APARELHOS DE AUDIO E VIDEO CONJUGADOS, INCLUSIVE RECEPTORES OU TRANSMISSORES DE ONDAS ELETROMAGNETICAS E ",07/10/1999,-,24/06/1999,31/12/9999,06/10/1998,31/12/9999,"60,00","50,00",
3100,CONTEINERES ESPECIALMENTE CONCEBIDOS E EQUIPADOS PARA USO EM MEIOS DE TRANSPORTE,07/10/1999,-,24/06/1999,31/12/9999,06/10/1998,31/12/9999,"60,00","50,00",
3211,AUTOMOVEIS BLINDADOS,07/10/1999,-,24/06/1999,31/12/9999,06/10/1998,31/12/9999,"60,00","50,00",
3212,OUTROS AUTOMOVEIS,07/10/1999,-,24/06/1999,31/12/9999,06/10/1998,31/12/9999,"60,00","50,00",
3213,MOTOCICLETAS E CICLOMOTORES,07/10/1999,-,24/06/1999,31/12/9999,06/10/1998,31/12/9999,"60,00","50,00",
3219,OUTROS VEICULOS RODOVIARIOS DE PASSAGEIROS,07/10/1999,-,24/06/1999,31/12/9999,06/10/1998,31/12/9999,"60,00","50,00",
3221,CAMIONETAS BLINDADAS,07/10/1999,-,24/06/1999,31/12/9999,06/10/1998,31/12/9999,"60,00","50,00",
3222,CAMIONETAS EQUIPADAS COM APARELHOS E INSTRUMENTOS MEDICO ODONTO-HOSPITALARES,07/10/1999,-,24/06/1999,31/12/9999,06/10/1998,31/12/9999,"60,00","50,00",
3223,OUTRAS CAMIONETAS,07/10/1999,-,24/06/1999,31/12/9999,06/10/1998,31/12/9999,"60,00","50,00",
3224,CAMINHOES BLINDADOS,07/10/1999,-,24/06/1999,31/12/9999,06/10/1998,31/12/9999,"60,00","50,00",
3225,CAMINHOES EQUIPADOS COM APARELHOS E INSTRUMENTOS MEDICO ODONTO-HOSPITALARES,07/10/1999,-,24/06/1999,31/12/9999,06/10/1998,31/12/9999,"60,00","50,00",
3226,OUTROS CAMINHOES,07/10/1999,-,24/06/1999,31/12/9999,06/10/1998,31/12/9999,"60,00","50,00",
3229,OUTROS VEICULOS RODOVIARIOS PARA TRANSPORTE DE MERCADORIAS,07/10/1999,-,24/06/1999,31/12/9999,06/10/1998,31/12/9999,"60,00","50,00",
3230,"BICICLETAS, EXCETO ERGOMETRICAS",07/10/1999,-,24/06/1999,31/12/9999,06/10/1998,31/12/9999,"60,00","50,00",
3240,AERONAVES,07/10/1999,-,24/06/1999,31/12/9999,06/10/1998,31/12/9999,"60,00","50,00",
3250,EMBARCACOES,07/10/1999,-,24/06/1999,31/12/9999,06/10/1998,31/12/9999,"60,00","50,00",
3291,OUTROS VEICULOS BLINDADOS,07/10/1999,-,24/06/1999,31/12/9999,06/10/1998,31/12/9999,"60,00","50,00",
3299,"OUTROS VEICULOS, EXCETO BLINDADOS",07/10/1999,-,24/06/1999,31/12/9999,06/10/1998,31/12/9999,"60,00","50,00",
3311,LENTES DE CONTATO,07/10/1999,-,24/06/1999,31/12/9999,06/10/1998,31/12/9999,"60,00","50,00",
3319,OUTRAS LENTES,07/10/1999,-,24/06/1999,31/12/9999,06/10/1998,31/12/9999,"60,00","50,00",
3320,ARMACOES PARA OCULOS,07/10/1999,-,24/06/1999,31/12/9999,06/10/1998,31/12/9999,"60,00","50,00",
3331,OCULOS DE SOL,07/10/1999,-,24/06/1999,31/12/9999,06/10/1998,31/12/9999,"60,00","50,00",
3332,OCULOS PARA CORRECAO VISUAL,07/10/1999,-,24/06/1999,31/12/9999,06/10/1998,31/12/9999,"60,00","50,00",
3339,OUTROS OCULOS,07/10/1999,-,24/06/1999,31/12/9999,06/10/1998,31/12/9999,"60,00","50,00",
3341,LUNETAS PARA ARMAS DE FOGO,07/10/1999,-,24/06/1999,31/12/9999,06/10/1998,31/12/9999,"60,00","50,00",
3349,"OUTROS BINOCULOS, LUNETAS E INSTRUMENTOS DE ASTRONOMIA",07/10/1999,-,24/06/1999,31/12/9999,06/10/1998,31/12/9999,"60,00","50,00",
3350,MICROSCOPIOS,07/10/1999,-,24/06/1999,31/12/9999,06/10/1998,31/12/9999,"60,00","50,00",
3360,INSTRUMENTOS OPTICOS UTILIZADOS EM LABORATORIOS FOTOGRAFICOS,07/10/1999,-,24/06/1999,31/12/9999,06/10/1998,31/12/9999,"60,00","50,00",
3370,"INSTRUMENTOS OPTICOS UTILIZADOS EM CIRURGIA, ODONTOLOGIA, E LABORATORIOS CLINICOS",07/10/1999,-,24/06/1999,31/12/9999,06/10/1998,31/12/9999,"60,00","50,00",
3380,EQUIPAMENTOS PARA VISAO NOTURNA,07/10/1999,-,24/06/1999,31/12/9999,06/10/1998,31/12/9999,"60,00","50,00",
3390,"OUTROS INSTRUMENTOS E APARELHOS DE OPTICA, EXCETO CAMARAS E PROJETORES",07/10/1999,-,24/06/1999,31/12/9999,06/10/1998,31/12/9999,"60,00","50,00",
3410,BUSSOLAS E INSTRUMENTOS DE NAVEGACAO AEREA OU MARITIMA,07/10/1999,-,24/06/1999,31/12/9999,06/10/1998,31/12/9999,"60,00","50,00",
3420,"INSTRUMENTOS DE GEODESIA, TOPOGRAFIA, FOTOGRAMETRIA, METEOROLOGIA E SEMELHANTES",07/10/1999,-,24/06/1999,31/12/9999,06/10/1998,31/12/9999,"60,00","50,00",
3430,BALANCAS,07/10/1999,-,24/06/1999,31/12/9999,06/10/1998,31/12/9999,"60,00","50,00",
3440,INSTRUMENTOS DE DESENHO,07/10/1999,-,24/06/1999,31/12/9999,06/10/1998,31/12/9999,"60,00","50,00",
3450,"EQUIPAMENTOS PROJETADOS PARA CONTROLE DE TIRO DE ARTILHARIA, FOGUETES, MISSEIS E ASSEMELHADOS",07/10/1999,-,24/06/1999,31/12/9999,06/10/1998,31/12/9999,"60,00","50,00",
3490,"OUTROS INSTRUMENTOS DE ORIENTACAO, MEDICAO E CONTROLE",07/10/1999,-,24/06/1999,31/12/9999,06/10/1998,31/12/9999,"60,00","50,00",
3510,ARTIGOS E APARELHOS ORTOPEDICOS,07/10/1999,-,24/06/1999,31/12/9999,06/10/1998,31/12/9999,"60,00","50,00",
3520,APARELHOS DE MASSAGEM ALIMENTADOS POR ENERGIA ELETRICA,07/10/1999,-,24/06/1999,31/12/9999,06/10/1998,31/12/9999,"60,00","50,00",
3530,ARTIGOS DESTINADOS A PESQUISA CLINICA,07/10/1999,-,24/06/1999,31/12/9999,06/10/1998,31/12/9999,"60,00","50,00",
3590,"OUTROS INSTRUMENTOS, APARELHOS E ARTEFATOS PARA MEDICINA E ODONTOLOGIA",07/10/1999,-,24/06/1999,31/12/9999,06/10/1998,31/12/9999,"60,00","50,00",
3610,RELOGIOS,07/10/1999,-,24/06/1999,31/12/9999,06/10/1998,31/12/9999,"60,00","50,00",
3620,ISQUEIROS,07/10/1999,-,24/06/1999,31/12/9999,06/10/1998,31/12/9999,"60,00","50,00",
3630,CACHIMBOS,07/10/1999,-,24/06/1999,31/12/9999,06/10/1998,31/12/9999,"60,00","50,00",
3640,CANETAS,07/10/1999,-,24/06/1999,31/12/9999,06/10/1998,31/12/9999,"60,00","50,00",
3710,PIANOS,07/10/1999,-,24/06/1999,31/12/9999,06/10/1998,31/12/9999,"60,00","50,00",
3720,ORGAOS,07/10/1999,-,24/06/1999,31/12/9999,06/10/1998,31/12/9999,"60,00","50,00",
3730,VIOLOES,07/10/1999,-,24/06/1999,31/12/9999,06/10/1998,31/12/9999,"60,00","50,00",
3740,GUITARRAS,07/10/1999,-,24/06/1999,31/12/9999,06/10/1998,31/12/9999,"60,00","50,00",
3750,GAITAS,07/10/1999,-,24/06/1999,31/12/9999,06/10/1998,31/12/9999,"60,00","50,00",
3760,FLAUTAS,07/10/1999,-,24/06/1999,31/12/9999,06/10/1998,31/12/9999,"60,00","50,00",
3790,OUTROS INSTRUMENTOS MUSICAIS,07/10/1999,-,24/06/1999,31/12/9999,06/10/1998,31/12/9999,"60,00","50,00",
3812,ESPADA OU ESPADIM DE USO EXCLUSIVO DAS FORCAS ARMADAS E AUXILIARES,07/10/1999,-,24/06/1999,31/12/9999,06/10/1998,31/12/9999,"60,00","50,00",
3819,OUTRAS ARMAS,07/10/1999,-,24/06/1999,31/12/9999,06/10/1998,31/12/9999,"60,00","50,00",
3820,ESCUDO A PROVA DE BALAS,07/10/1999,-,24/06/1999,31/12/9999,06/10/1998,31/12/9999,"60,00","50,00",
3830,MISSEIS,07/10/1999,-,24/06/1999,31/12/9999,06/10/1998,31/12/9999,"60,00","50,00",
3840,FOGUETES,07/10/1999,-,24/06/1999,31/12/9999,06/10/1998,31/12/9999,"60,00","50,00",
3850,MINAS EXPLOSIVAS E EQUIPAMENTO PARA DETECCAO E LANCAMENTO DE MINAS,07/10/1999,-,24/06/1999,31/12/9999,06/10/1998,31/12/9999,"60,00","50,00",
3860,FOGOS DE ARTIFICIO E ARTIFICIOS PIROTECNICOS,07/10/1999,-,24/06/1999,31/12/9999,06/10/1998,31/12/9999,"60,00","50,00",
3870,POLVORA E EXPLOSIVOS,07/10/1999,-,24/06/1999,31/12/9999,06/10/1998,31/12/9999,"60,00","50,00",
3880,MUNICOES,07/10/1999,-,24/06/1999,31/12/9999,06/10/1998,31/12/9999,"60,00","50,00",
3890,OUTROS ARTEFATOS BELICOS,07/10/1999,-,24/06/1999,31/12/9999,06/10/1998,31/12/9999,"60,00","50,00",
3910,MOVEIS RESIDENCIAIS,07/10/1999,-,24/06/1999,31/12/9999,06/10/1998,31/12/9999,"60,00","50,00",
3920,"MOVEIS PARA ESCRITORIOS E OUTROS ESTABELECIMENTOS NAO RESIDENCIAIS, EXCETO MOBILIARIO MEDICO-CIRURGICO",07/10/1999,-,24/06/1999,31/12/9999,06/10/1998,31/12/9999,"60,00","50,00",
3930,"MOBILIARIO MEDICO-CIRURGICO (MESAS DE OPERACAO, CAMAS REGULAVEIS, CADEIRAS DE DENTISTA, E ASSEMELHADOS)",07/10/1999,-,24/06/1999,31/12/9999,06/10/1998,31/12/9999,"60,00","50,00",
3990,OUTROS MOVEIS,07/10/1999,-,24/06/1999,31/12/9999,06/10/1998,31/12/9999,"60,00","50,00",
4000,APARELHOS DE ILUMINACAO,07/10/1999,-,24/06/1999,31/12/9999,06/10/1998,31/12/9999,"60,00","50,00",
4110,"BRINQUEDOS DE RODAS (PATINS, VELOCIPEDES E SEMELHANTES, EXCETO BICICLETAS)",07/10/1999,-,24/06/1999,31/12/9999,06/10/1998,31/12/9999,"60,00","50,00",
4120,BONECOS REPRESENTANDO FIGURAS HUMANAS,07/10/1999,-,24/06/1999,31/12/9999,06/10/1998,31/12/9999,"60,00","50,00",
4130,"MODELOS REDUZIDOS, MONTADOS OU PARA SEREM MONTADOS",07/10/1999,-,24/06/1999,31/12/9999,06/10/1998,31/12/9999,"60,00","50,00",
4140,QUEBRA-CABECAS E ASSEMELHADOS,07/10/1999,-,24/06/1999,31/12/9999,06/10/1998,31/12/9999,"60,00","50,00",
4150,"APARELHOS PARA ""VIDEOGAMES""",07/10/1999,-,24/06/1999,31/12/9999,06/10/1998,31/12/9999,"60,00","50,00",
4160,ARMAS DE BRINQUEDO E SIMULACROS DE ARMAS,07/10/1999,-,24/06/1999,31/12/9999,06/10/1998,31/12/9999,"60,00","50,00",
4170,FOGUETES DE MODELISMO,07/10/1999,-,24/06/1999,31/12/9999,06/10/1998,31/12/9999,"60,00","50,00",
4190,OUTROS BRINQUEDOS,07/10/1999,-,24/06/1999,31/12/9999,06/10/1998,31/12/9999,"60,00","50,00",
4210,"APARELHOS PARA ""VIDEOGAMES""",07/10/1999,-,24/06/1999,31/12/9999,06/10/1998,31/12/9999,"60,00","50,00",
4220,"BILHARES, ROLETAS, BOLICHES",07/10/1999,-,24/06/1999,31/12/9999,06/10/1998,31/12/9999,"60,00","50,00",
4290,OUTROS ARTIGOS PARA JOGOS DE SALAO,07/10/1999,-,24/06/1999,31/12/9999,06/10/1998,31/12/9999,"60,00","50,00",
4300,"ARTIGOS E EQUIPAMENTOS PARA CULTURA FISICA, GINASTICA, ATLETISMO, E OUTROS ESPORTES",07/10/1999,-,24/06/1999,31/12/9999,06/10/1998,31/12/9999,"60,00","50,00",
4410,"QUADROS, PINTURAS E DESENHOS FEITOS INTEIRAMENTE A MAO",07/10/1999,-,24/06/1999,31/12/9999,06/10/1998,31/12/9999,"60,00","50,00",
4420,"GRAVURAS, ESTAMPAS E LITOGRAFIAS ORIGINAIS",07/10/1999,-,24/06/1999,31/12/9999,06/10/1998,31/12/9999,"60,00","50,00",
4430,PRODUCOES ORIGINAIS DE ARTE ESTATUARIA OU DE ESCULTURA,07/10/1999,-,24/06/1999,31/12/9999,06/10/1998,31/12/9999,"60,00","50,00",
4440,"COLECOES E ESPECIMES PARA COLECOES, DE ZOOLOGIA, BOTANICA, MINERALOGIA, ANATOMIA, OU APRESENTANDO INTERESSE HISTORICO, ARQUEOLOGICO, ",07/10/1999,-,24/06/1999,31/12/9999,06/10/1998,31/12/9999,"60,00","50,00",
4450,ANTIGUIDADES COM MAIS DE 100 ANOS,07/10/1999,-,24/06/1999,31/12/9999,06/10/1998,31/12/9999,"60,00","50,00",
4490,"OUTROS OBJETOS DE ARTE, DE COLECAO E ANTIGUIDADES",07/10/1999,-,24/06/1999,31/12/9999,06/10/1998,31/12/9999,"60,00","50,00",
8010,EMBALAGEM PARA PRODUTOS ALIMENTICIOS,07/10/1999,-,24/06/1999,31/12/9999,06/10/1998,31/12/9999,"60,00","50,00",
8090,OUTROS PRODUTOS NAO ESPECIFICADOS NEM COMPREENDIDOS POR OUTROS CODIGOS DESTA TABELA,07/10/1999,-,24/06/1999,31/12/9999,06/10/1998,31/12/9999,"60,00","50,00",
9010,"PARTES DE ELETRODOMESTICOS, EXCETO APARELHOS DE AUDIO OU DE VIDEO",07/10/1999,-,24/06/1999,31/12/9999,06/10/1998,31/12/9999,"60,00","50,00",
9021,"DISCOS RIGIDOS (""HARD DISKS""), MESMO COM UM SO CONJUNTO CABECA-DISCO (""HEAD DISK ASSEMBLY"")",07/10/1999,-,24/06/1999,31/12/9999,06/10/1998,31/12/9999,"60,00","50,00",
9022,"PLACAS MAE (""MOTHERBOARDS""), PLACAS DE MEMORIA, PLACAS DE VIDEO, PLACAS DE SOM, PLACAS DE ""FAX/MODEM"" E OUTRAS PLACAS DE CIRCUITO IMPRESSO COM ",07/10/1999,-,24/06/1999,31/12/9999,06/10/1998,31/12/9999,"60,00","50,00",
9023,CARTUCHOS OU BOBINAS PARA IMPRESSORAS,07/10/1999,-,24/06/1999,31/12/9999,06/10/1998,31/12/9999,"60,00","50,00",
9024,OUTRAS PARTES PARA IMPRESSORAS,07/10/1999,-,24/06/1999,31/12/9999,06/10/1998,31/12/9999,"60,00","50,00",
9025,OUTRAS PARTES PARA MONITORES,07/10/1999,-,24/06/1999,31/12/9999,06/10/1998,31/12/9999,"60,00","50,00",
9029,OUTRAS PARTES DE COMPUTADORES E DE PERIFERICOS,07/10/1999,-,24/06/1999,31/12/9999,06/10/1998,31/12/9999,"60,00","50,00",
9030,"PARTES DE APARELHOS DE AUDIO OU DE VIDEO, EXCETO PARTES DE APARELHOS DE INFORMATICA",07/10/1999,-,24/06/1999,31/12/9999,06/10/1998,31/12/9999,"60,00","50,00",
9041,"PARTES DE VEICULOS RODOVIARIOS, EXCETO BLINDADOS",07/10/1999,-,24/06/1999,31/12/9999,06/10/1998,31/12/9999,"60,00","50,00",
9042,PARTES DE VEICULOS BLINDADOS,07/10/1999,-,24/06/1999,31/12/9999,06/10/1998,31/12/9999,"60,00","50,00",
9043,"PARTES DE BICICLETAS, EXCETO ERGOMETRICAS",07/10/1999,-,24/06/1999,31/12/9999,06/10/1998,31/12/9999,"60,00","50,00",
9044,PARTES DE AERONAVES,07/10/1999,-,24/06/1999,31/12/9999,06/10/1998,31/12/9999,"60,00","50,00",
9045,PARTES DE EMBARCACOES,07/10/1999,-,24/06/1999,31/12/9999,06/10/1998,31/12/9999,"60,00","50,00",
9049,PARTES DE OUTROS VEICULOS,07/10/1999,-,24/06/1999,31/12/9999,06/10/1998,31/12/9999,"60,00","50,00",
9051,"PARTES DE EQUIPAMENTOS PROJETADOS PARA CONTROLE DE TIRO DE ARTILHARIA, FOGUETES, MISSEIS E ASSEMELHADOS",07/10/1999,-,24/06/1999,31/12/9999,06/10/1998,31/12/9999,"60,00","50,00",
9059,"OUTRAS PARTES DE INSTRUMENTOS DE ORIENTACAO, MEDICAO E CONTROLE",07/10/1999,-,24/06/1999,31/12/9999,06/10/1998,31/12/9999,"60,00","50,00",
9060,"PARTES DE ARTIGOS E APARELHOS ORTOPEDICOS, E DE INSTRUMENTOS, APARELHOS E ARTEFATOS PARA MEDICINA E ODONTOLOGIA",07/10/1999,-,24/06/1999,31/12/9999,06/10/1998,31/12/9999,"60,00","50,00",
9071,DETONADORES E ACESSORIOS INICIADORES DE EXPLOSIVOS,07/10/1999,-,24/06/1999,31/12/9999,06/10/1998,31/12/9999,"60,00","50,00",
9072,SILENCIADORES E REFORCADORES,07/10/1999,-,24/06/1999,31/12/9999,06/10/1998,31/12/9999,"60,00","50,00",
9079,"OUTRAS PARTES DE ARMAS, MUNICOES E OUTROS ARTEFATOS BELICOS",07/10/1999,-,24/06/1999,31/12/9999,06/10/1998,31/12/9999,"60,00","50,00",
9090,PARTES DE OUTROS PRODUTOS,07/10/1999,-,24/06/1999,31/12/9999,06/10/1998,31/12/9999,"60,00","50,00",
